<?xml version="1.0" encoding="utf-8"?>
<!--
  ~ @package   pkg_radicalmicro
  ~ @version   1.0.0
  ~ @author    Dmitriy Vasyukov - https://fictionlabs.ru
  ~ @copyright Copyright (c) 2022 Fictionlabs. All rights reserved.
  ~ @license   GNU/GPL license: http://www.gnu.org/copyleft/gpl.html
  ~ @link      https://fictionlabs.ru/
  -->

<extension type="plugin" group="system" method="upgrade" version="3.9">
	<name>PLG_SYSTEM_RADICALMICRO_YOOTHEME</name>
	<creationDate>February 2022</creationDate>
	<author>Dmitriy Vasyukov</author>
	<copyright>Copyright (C) 2005 - 2022 Open Source Matters. All rights reserved.</copyright>
	<license>GNU General Public License version 2 or later; see LICENSE.txt</license>
	<authorEmail>info@fictionlabs.ru</authorEmail>
	<authorUrl>https://fictionlabs.ru</authorUrl>
	<version>0.0.7</version>
	<description>PLG_SYSTEM_RADICALMICRO_YOOTHEME_DESCRIPTION</description>

	<files>
		<filename>bootstrap.php</filename>
		<folder>src</folder>
		<folder>elements</folder>
		<filename plugin="radicalmicro_yootheme">radicalmicro_yootheme.php</filename>
	</files>

	<languages>
		<language tag="en-GB">language/en-GB/en-GB.plg_system_radicalmicro_yootheme.ini</language>
		<language tag="en-GB">language/en-GB/en-GB.plg_system_radicalmicro_yootheme.sys.ini</language>
		<language tag="ru-RU">language/ru-RU/ru-RU.plg_system_radicalmicro_yootheme.ini</language>
		<language tag="ru-RU">language/ru-RU/ru-RU.plg_system_radicalmicro_yootheme.sys.ini</language>
	</languages>

	<config>
		<fields name="params">

		</fields>
	</config>

</extension>
