<?xml version="1.0" encoding="utf-8"?>
<!--
  ~ @package   pkg_radicalmicro
  ~ @version   1.0.0
  ~ @author    Dmitriy Vasyukov - https://fictionlabs.ru
  ~ @copyright Copyright (c) 2022 Fictionlabs. All rights reserved.
  ~ @license   GNU/GPL license: http://www.gnu.org/copyleft/gpl.html
  ~ @link      https://fictionlabs.ru/
  -->

<extension type="plugin" group="system" method="upgrade" version="3.9">
    <name>PLG_SYSTEM_RADICALMICRO</name>
    <creationDate>February 2022</creationDate>
    <author>Dmitriy Vasyukov</author>
    <copyright>Copyright (C) 2005 - 2022 Open Source Matters. All rights reserved.</copyright>
    <license>GNU General Public License version 2 or later; see LICENSE.txt</license>
    <authorEmail>info@fictionlabs.ru</authorEmail>
    <authorUrl>https://fictionlabs.ru</authorUrl>
    <version>0.0.7</version>
    <description>PLG_SYSTEM_RADICALMICRO_DESCRIPTION</description>

    <!-- Plugin files -->
    <files>
        <folder>src</folder>
        <filename plugin="radicalmicro">radicalmicro.php</filename>
    </files>

    <!-- Plugin languages -->
    <languages>
        <language tag="en-GB">language/en-GB/en-GB.plg_system_radicalmicro.ini</language>
        <language tag="en-GB">language/en-GB/en-GB.plg_system_radicalmicro.sys.ini</language>
        <language tag="ru-RU">language/ru-RU/ru-RU.plg_system_radicalmicro.ini</language>
        <language tag="ru-RU">language/ru-RU/ru-RU.plg_system_radicalmicro.sys.ini</language>
    </languages>

    <!-- Config parameter -->
    <config>
        <fields name="params">
            <fieldset name="basic">
                <field name="enable_schema"
                       type="radio"
                       default="1"
                       class="btn-group"
                       label="PLG_SYSTEM_RADICALMICRO_PARAM_ENABLE_SCHEMA"
                       description="PLG_SYSTEM_RADICALMICRO_PARAM_ENABLE_SCHEMA_DESC">
                    <option value="0">JNO</option>
                    <option value="1">JYES</option>
                </field>

                <field name="enable_meta"
                       type="radio"
                       default="1"
                       class="btn-group"
                       label="PLG_SYSTEM_RADICALMICRO_PARAM_ENABLE_META"
                       description="PLG_SYSTEM_RADICALMICRO_PARAM_ENABLE_META_DESC">
                    <option value="0">JNO</option>
                    <option value="1">JYES</option>
                </field>
            </fieldset>

            <fieldset name="schema">
                <field name="schema_enable_type_website"
                       type="radio"
                       default="1"
                       class="btn-group"
                       label="PLG_SYSTEM_RADICALMICRO_PARAM_ENABLE_SCHEMA_TYPE_WEBSITE"
                       description="PLG_SYSTEM_RADICALMICRO_PARAM_ENABLE_SCHEMA_TYPE_WEBSITE_DESC">
                    <option value="0">JNO</option>
                    <option value="1">JYES</option>
                </field>

                <field name="schema_enable_type_organization"
                       type="radio"
                       default="1"
                       class="btn-group"
                       label="PLG_SYSTEM_RADICALMICRO_PARAM_ENABLE_SCHEMA_TYPE_ORGANIZATION"
                       description="PLG_SYSTEM_RADICALMICRO_PARAM_ENABLE_SCHEMA_TYPE_ORGANIZATION_DESC">
                    <option value="0">JNO</option>
                    <option value="1">JYES</option>
                </field>

                <field
                        name="schema_type_organization_image"
                        type="media"
                        default=""
                        showon="schema_enable_type_organization:1"
                        label="PLG_SYSTEM_RADICALMICRO_PARAM_SCHEMA_TYPE_ORGANIZATION_IMAGE"
                        description="PLG_SYSTEM_RADICALMICRO_PARAM_SCHEMA_TYPE_ORGANIZATION_IMAGE_DESC"/>

                <field name="schema_enable_type_breadcrumblist"
                       type="radio"
                       default="1"
                       class="btn-group"
                       label="PLG_SYSTEM_RADICALMICRO_PARAM_ENABLE_SCHEMA_TYPE_BREADCRUMBLIST"
                       description="PLG_SYSTEM_RADICALMICRO_PARAM_ENABLE_SCHEMA_TYPE_BREADCRUMBLIST_DESC">
                    <option value="0">JNO</option>
                    <option value="1">JYES</option>
                </field>

                <field name="schema_enable_type_page"
                       type="radio"
                       default="1"
                       class="btn-group"
                       label="PLG_SYSTEM_RADICALMICRO_PARAM_ENABLE_SCHEMA_TYPE_PAGE"
                       description="PLG_SYSTEM_RADICALMICRO_PARAM_ENABLE_SCHEMA_TYPE_PAGE_DESC">
                    <option value="0">JNO</option>
                    <option value="1">JYES</option>
                </field>
            </fieldset>
            <fieldset name="meta">

            </fieldset>
            <fieldset name="extra">
                <field name="extra_check_current"
                       type="radio"
                       default="1"
                       class="btn-group"
                       label="PLG_SYSTEM_RADICALMICRO_PARAM_CHECK_CURRENT"
                       description="PLG_SYSTEM_RADICALMICRO_PARAM_CHECK_CURRENT_DESC">
                    <option value="0">JNO</option>
                    <option value="1">JYES</option>
                </field>

                <field
						name="extra_insert_place"
						type="radio"
						class="btn-group"
						label="PLG_SYSTEM_RADICALMICRO_PARAM_EXTRA_INSERT_PLACE"
                        description="PLG_SYSTEM_RADICALMICRO_PARAM_EXTRA_INSERT_PLACE_DESC"
						size="1"
						default="body">
					<option value="head">PLG_SYSTEM_RADICALMICRO_PARAM_EXTRA_INSERT_PLACE_HEAD</option>
					<option value="body">PLG_SYSTEM_RADICALMICRO_PARAM_EXTRA_INSERT_PLACE_BODY</option>
				</field>
            </fieldset>
        </fields>
    </config>

</extension>
