<?xml version="1.0" encoding="utf-8"?>
<!--
  ~ @package   pkg_radicalmicro
  ~ @version   1.0.0
  ~ @author    Dmitriy Vasyukov - https://fictionlabs.ru
  ~ @copyright Copyright (c) 2022 Fictionlabs. All rights reserved.
  ~ @license   GNU/GPL license: http://www.gnu.org/copyleft/gpl.html
  ~ @link      https://fictionlabs.ru/
  -->

<extension type="plugin" version="3.9" group="radicalmicro" method="upgrade">
    <name>PLG_RADICALMICRO_CONTENT</name>
    <creationDate>February 2022</creationDate>
    <author>Dmitriy Vasyukov</author>
    <copyright>Copyright (C) 2005 - 2022 Open Source Matters. All rights reserved.</copyright>
    <license>GNU General Public License version 2 or later; see LICENSE.txt</license>
    <authorEmail>info@fictionlabs.ru</authorEmail>
    <authorUrl>https://fictionlabs.ru</authorUrl>
    <version>0.0.7</version>
    <description>PLG_RADICALMICRO_CONTENT_DESCRIPTION</description>

    <!-- Language files -->
    <languages folder="language">
        <language tag="en-GB">en-GB/en-GB.plg_radicalmicro_content.ini</language>
        <language tag="en-GB">en-GB/en-GB.plg_radicalmicro_content.sys.ini</language>
        <language tag="ru-RU">ru-RU/ru-RU.plg_radicalmicro_content.ini</language>
        <language tag="ru-RU">ru-RU/ru-RU.plg_radicalmicro_content.sys.ini</language>
    </languages>

    <!-- Plugin files -->
    <files>
        <filename plugin="content">content.php</filename>
        <folder>language</folder>
        <folder>fields</folder>
    </files>

    <!-- Config parameter -->
    <config>
        <fields name="params" addfieldpath="/plugins/radicalmicro/content/fields">
            <fieldset name="schema" addfieldpath="/plugins/system/radicalmicro/fields">
                <field type="note"
                       name="schema_note"
                       class="alert alert-info"
                       label="PLG_CONTENT_RADICALMICRO_PARAM_SPACER_SCHEMA"
                       description="PLG_CONTENT_RADICALMICRO_PARAM_SPACER_SCHEMA_DESC"
                />

                <field type="schematypes"
                       name="type"
                       default="article"
                       label="PLG_CONTENT_RADICALMICRO_PARAM_TYPE">
                </field>
            </fieldset>
            <fieldset name="meta">
                <field type="note"
                       name="meta_note"
                       class="alert alert-info"
                       label="PLG_CONTENT_RADICALMICRO_PARAM_SPACER_META"
                       description="PLG_CONTENT_RADICALMICRO_PARAM_SPACER_META_DESC"
                />
            </fieldset>
        </fields>
    </config>
</extension>
